candidate_id,sample_group,source_pmid,split,reference_support,reference_span,nonempty,literal,traceable,triage_gate,location_status,flags
SMA-RE-0001,primary_random,29687752,development,2,no,True,True,True,False,exact,missing_endpoint_in_span|short_fragment
SMA-RE-0002,primary_random,33931933,development,1,yes,True,False,True,False,ordered_fragments,ellipsis_context_requires_review
SMA-RE-0003,primary_random,29799103,development,1,no,True,True,True,False,exact,missing_endpoint_in_span
SMA-RE-0004,primary_random,34321067,development,1,yes,True,True,True,False,exact,missing_endpoint_in_span
SMA-RE-0005,primary_random,41299848,test,1,no,True,True,True,False,exact,missing_endpoint_in_span
SMA-RE-0006,primary_random,29160009,development,0,yes,True,True,True,False,exact,negation_requires_review|uncertainty_requires_review
SMA-RE-0007,primary_random,35047834,development,2,yes,True,True,True,False,exact,negation_requires_review
SMA-RE-0008,primary_random,40985108,test,0,yes,True,False,False,False,not_located,not_located|missing_endpoint_in_span
SMA-RE-0009,primary_random,39201486,development,2,yes,True,True,True,True,exact,
SMA-RE-0010,primary_random,32129749,test,2,no,True,False,False,False,not_located,not_located|missing_endpoint_in_span
SMA-RE-0011,primary_random,31607747,test,2,yes,True,True,True,False,exact,no_predicate_cue
SMA-RE-0012,primary_random,30027400,test,1,no,True,True,True,False,exact,missing_endpoint_in_span|no_predicate_cue
SMA-RE-0013,primary_random,38165463,test,1,no,True,True,True,True,exact,
SMA-RE-0014,primary_random,40364813,test,2,yes,True,True,True,True,exact,
SMA-RE-0015,primary_random,39308455,development,1,no,True,True,True,False,exact,missing_endpoint_in_span|negation_requires_review
SMA-RE-0016,primary_random,37040715,development,0,no,True,True,True,False,exact,missing_endpoint_in_span
SMA-RE-0017,primary_random,28676237,test,1,no,True,True,True,False,exact,missing_endpoint_in_span
SMA-RE-0018,primary_random,40010612,test,1,yes,True,True,True,False,exact,no_predicate_cue|experimental_context_requires_review
SMA-RE-0019,primary_random,33439594,test,0,yes,True,True,True,False,exact,missing_endpoint_in_span
SMA-RE-0020,primary_random,34320287,test,1,no,True,True,True,False,exact,missing_endpoint_in_span|negation_requires_review
SMA-RE-0021,primary_random,25497877,test,1,no,True,True,True,False,exact,missing_endpoint_in_span
SMA-RE-0022,primary_random,36788689,test,2,yes,True,True,True,True,exact,
SMA-RE-0023,primary_random,31529029,test,1,no,True,True,True,False,exact,missing_endpoint_in_span
SMA-RE-0024,primary_random,32218991,test,0,no,True,True,True,True,exact,
SMA-RE-0025,primary_random,39201486,development,0,no,True,True,True,False,exact,missing_endpoint_in_span|no_predicate_cue
SMA-RE-0026,primary_random,31828288,test,1,yes,True,True,True,False,exact,experimental_context_requires_review
SMA-RE-0027,primary_random,38448017,test,1,no,True,True,True,False,exact,missing_endpoint_in_span|no_predicate_cue
SMA-RE-0028,primary_random,33454188,test,0,no,True,True,True,True,exact,
SMA-RE-0029,primary_random,28671037,test,2,no,True,True,True,False,exact,missing_endpoint_in_span|uncertainty_requires_review
SMA-RE-0030,primary_random,34719420,test,2,yes,True,True,True,True,exact,
SMA-RE-0031,primary_random,26948711,test,2,no,True,True,True,False,exact,missing_endpoint_in_span|no_predicate_cue|uncertainty_requires_review
SMA-RE-0032,primary_random,42165132,development,2,yes,True,False,True,False,ordered_fragments,ellipsis_context_requires_review|no_predicate_cue|experimental_context_requires_review
SMA-RE-0033,primary_random,41872133,development,1,no,True,True,True,False,exact,missing_endpoint_in_span|negation_requires_review
SMA-RE-0034,primary_random,29103974,development,0,yes,True,True,True,True,exact,
SMA-RE-0035,primary_random,36828874,test,0,no,True,True,True,True,exact,
SMA-RE-0036,primary_random,26109022,test,1,no,True,True,True,False,exact,missing_endpoint_in_span|uncertainty_requires_review
SMA-RE-0037,primary_random,32627310,test,1,yes,True,True,True,False,exact,negation_requires_review
SMA-RE-0038,primary_random,30907347,test,1,yes,True,True,True,True,exact,
SMA-RE-0039,primary_random,32763124,development,0,no,True,True,True,False,exact,no_predicate_cue
SMA-RE-0040,primary_random,30796634,test,2,no,True,True,True,False,exact,missing_endpoint_in_span|negation_requires_review
SMA-RE-0041,primary_random,34503559,development,1,no,True,False,True,False,ordered_fragments,ellipsis_context_requires_review|negation_requires_review
SMA-RE-0042,primary_random,33711791,test,2,yes,True,True,True,True,exact,
SMA-RE-0043,primary_random,33388927,test,1,no,True,True,True,False,exact,missing_endpoint_in_span
SMA-RE-0044,primary_random,27911337,test,1,yes,True,True,True,False,exact,experimental_context_requires_review
SMA-RE-0045,primary_random,30519476,test,1,yes,True,True,True,False,exact,no_predicate_cue|experimental_context_requires_review
SMA-RE-0046,primary_random,37332684,test,1,yes,True,True,True,False,exact,missing_endpoint_in_span
SMA-RE-0047,primary_random,34068874,test,1,yes,True,True,True,True,exact,
SMA-RE-0048,primary_random,25553367,development,1,no,True,True,True,False,exact,missing_endpoint_in_span
SMA-RE-0049,primary_random,27268759,test,1,yes,True,True,True,False,exact,no_predicate_cue|negation_requires_review
SMA-RE-0050,primary_random,40770841,test,0,yes,True,True,True,False,exact,missing_endpoint_in_span
SMA-RE-0051,primary_random,38487326,test,2,yes,True,True,True,True,exact,
SMA-RE-0052,primary_random,20301420,test,1,no,True,True,True,False,exact,missing_endpoint_in_span|short_fragment|no_predicate_cue
SMA-RE-0053,primary_random,32224497,development,2,yes,True,True,True,False,exact,short_fragment|no_predicate_cue
SMA-RE-0054,primary_random,39363429,test,1,yes,True,False,True,False,ordered_fragments,ellipsis_context_requires_review|no_predicate_cue
SMA-RE-0055,primary_random,39407277,test,1,yes,True,True,True,False,exact,missing_endpoint_in_span|no_predicate_cue
SMA-RE-0056,primary_random,26515624,test,1,no,True,True,True,False,exact,no_predicate_cue
SMA-RE-0057,primary_random,32394611,test,0,yes,True,True,True,False,exact,missing_endpoint_in_span|no_predicate_cue
SMA-RE-0058,primary_random,37369805,test,0,yes,True,True,True,True,exact,
SMA-RE-0059,primary_random,37488868,development,0,yes,True,True,True,False,exact,missing_endpoint_in_span|uncertainty_requires_review
SMA-RE-0060,primary_random,42210413,test,1,yes,True,True,True,False,exact,experimental_context_requires_review
SMA-RE-0061,primary_random,24963089,development,1,yes,True,True,True,True,exact,
SMA-RE-0062,primary_random,32031328,test,1,no,True,True,True,False,exact,missing_endpoint_in_span|experimental_context_requires_review
SMA-RE-0063,primary_random,25716911,test,1,yes,True,False,True,False,ordered_fragments,ellipsis_context_requires_review
SMA-RE-0064,primary_random,28215241,test,1,no,True,True,True,False,exact,missing_endpoint_in_span|no_predicate_cue
SMA-RE-0065,primary_random,29507115,test,1,yes,True,True,True,False,exact,missing_endpoint_in_span
SMA-RE-0066,primary_random,38772209,test,1,no,True,True,True,True,exact,
SMA-RE-0067,primary_random,39955617,test,2,no,True,True,True,False,exact,missing_endpoint_in_span|short_fragment
SMA-RE-0068,primary_random,29326874,development,1,no,True,True,True,False,exact,missing_endpoint_in_span|short_fragment|no_predicate_cue
SMA-RE-0069,primary_random,34658007,development,2,yes,True,True,True,True,exact,
SMA-RE-0070,primary_random,38806879,test,2,no,True,True,True,False,exact,missing_endpoint_in_span
SMA-RE-0071,primary_random,39367693,test,1,no,True,True,True,False,exact,missing_endpoint_in_span
SMA-RE-0072,primary_random,28928636,test,2,yes,True,True,True,False,exact,missing_endpoint_in_span
SMA-RE-0073,primary_random,26892876,test,0,no,True,True,True,False,exact,missing_endpoint_in_span|no_predicate_cue|negation_requires_review|experimental_context_requires_review
SMA-RE-0074,primary_random,37712636,test,0,no,True,True,True,True,exact,
SMA-RE-0075,primary_random,28504671,development,1,no,True,True,True,False,exact,missing_endpoint_in_span|experimental_context_requires_review
SMA-RE-0076,primary_random,31797327,development,0,no,True,True,True,False,exact,missing_endpoint_in_span|short_fragment
SMA-RE-0077,primary_random,42058128,test,2,yes,True,True,True,False,exact,missing_endpoint_in_span
SMA-RE-0078,primary_random,31367361,test,1,no,True,True,True,False,exact,missing_endpoint_in_span|no_predicate_cue
SMA-RE-0079,primary_random,40119448,development,1,yes,True,True,True,True,exact,
SMA-RE-0080,primary_random,33220101,test,2,yes,True,True,True,True,exact,
SMA-RE-0081,primary_random,41402453,development,0,no,True,True,True,False,exact,missing_endpoint_in_span|no_predicate_cue|experimental_context_requires_review
SMA-RE-0082,primary_random,37568304,development,1,no,True,True,True,True,exact,
SMA-RE-0083,primary_random,32938453,test,1,yes,True,False,True,False,ordered_fragments,ellipsis_context_requires_review
SMA-RE-0084,primary_random,35715567,test,1,no,True,True,True,False,exact,missing_endpoint_in_span|no_predicate_cue|negation_requires_review
SMA-RE-0085,primary_random,41692783,development,0,no,True,True,True,False,exact,no_predicate_cue
SMA-RE-0086,primary_random,29614694,test,0,yes,True,True,True,False,exact,missing_endpoint_in_span
SMA-RE-0087,primary_random,30910806,development,1,yes,True,True,True,True,exact,
SMA-RE-0088,primary_random,41078332,development,1,yes,True,True,True,True,exact,
SMA-RE-0089,primary_random,39379509,test,1,no,True,True,True,False,exact,missing_endpoint_in_span
SMA-RE-0090,primary_random,36578307,test,2,yes,True,True,True,True,exact,
SMA-RE-0091,primary_random,30171534,test,2,no,True,True,True,False,exact,missing_endpoint_in_span
SMA-RE-0092,primary_random,41782369,development,1,no,True,True,True,False,exact,missing_endpoint_in_span|short_fragment|no_predicate_cue|experimental_context_requires_review
SMA-RE-0093,primary_random,33043451,development,1,no,True,True,True,False,exact,missing_endpoint_in_span
SMA-RE-0094,primary_random,33805645,test,0,no,True,True,True,False,exact,missing_endpoint_in_span
SMA-RE-0095,primary_random,31019235,test,1,yes,True,True,True,False,exact,experimental_context_requires_review
SMA-RE-0096,primary_random,34997153,development,1,no,True,True,True,False,exact,missing_endpoint_in_span
SMA-RE-0097,primary_random,31622841,development,2,no,True,False,True,False,normalized,missing_endpoint_in_span
SMA-RE-0098,primary_random,36553273,development,0,yes,True,True,True,True,exact,
SMA-RE-0099,primary_random,38562133,development,2,no,True,True,True,False,exact,missing_endpoint_in_span|no_predicate_cue|negation_requires_review
SMA-RE-0100,primary_random,32204786,test,2,yes,True,True,True,True,exact,
SMA-RE-0101,primary_random,39254732,test,2,yes,True,True,True,False,exact,short_fragment
SMA-RE-0102,primary_random,31704158,test,2,yes,True,True,True,True,exact,
SMA-RE-0103,primary_random,40200352,test,1,yes,True,True,True,True,exact,
SMA-RE-0104,primary_random,41908528,test,0,no,True,False,True,False,ordered_fragments,ellipsis_context_requires_review|missing_endpoint_in_span
SMA-RE-0105,primary_random,38044650,development,0,yes,True,False,False,False,not_located,not_located
SMA-RE-0106,primary_random,34023917,development,1,no,True,True,True,False,exact,missing_endpoint_in_span|short_fragment|no_predicate_cue
SMA-RE-0107,primary_random,36669516,development,1,yes,True,False,True,False,ordered_fragments,ellipsis_context_requires_review|missing_endpoint_in_span|uncertainty_requires_review
SMA-RE-0108,primary_random,39689850,test,0,no,True,True,True,False,exact,missing_endpoint_in_span
SMA-RE-0109,primary_random,40724593,test,1,no,True,True,True,False,exact,missing_endpoint_in_span
SMA-RE-0110,primary_random,37587305,test,2,yes,True,False,True,False,ordered_fragments,ellipsis_context_requires_review
SMA-RE-0111,primary_random,32784322,test,2,yes,True,True,True,True,exact,
SMA-RE-0112,primary_random,40686563,test,2,no,True,True,True,False,exact,missing_endpoint_in_span|no_predicate_cue
SMA-RE-0113,primary_random,39432490,development,1,no,True,True,True,False,exact,missing_endpoint_in_span|short_fragment|negation_requires_review
SMA-RE-0114,primary_random,34210538,development,2,yes,True,True,True,False,exact,missing_endpoint_in_span|no_predicate_cue
SMA-RE-0115,primary_random,26908606,test,2,no,True,True,True,False,exact,missing_endpoint_in_span
SMA-RE-0116,primary_random,32904902,test,1,yes,True,True,True,False,exact,missing_endpoint_in_span|uncertainty_requires_review
SMA-RE-0117,primary_random,34165911,test,0,no,True,True,True,False,exact,missing_endpoint_in_span|no_predicate_cue|negation_requires_review
SMA-RE-0118,primary_random,40267637,test,0,no,True,True,True,False,exact,missing_endpoint_in_span
SMA-RE-0119,primary_random,28668232,development,1,no,True,True,True,True,exact,
SMA-RE-0120,primary_random,27699224,test,1,no,True,True,True,False,exact,missing_endpoint_in_span|short_fragment|experimental_context_requires_review
SMA-RE-0121,primary_random,31213928,test,2,no,True,True,True,False,exact,missing_endpoint_in_span|short_fragment
SMA-RE-0122,primary_random,37141858,development,1,no,True,True,True,False,exact,no_predicate_cue
SMA-RE-0123,primary_random,39775109,test,0,yes,True,False,False,False,not_located,not_located|missing_endpoint_in_span
SMA-RE-0124,primary_random,27858735,test,1,no,True,True,True,False,exact,missing_endpoint_in_span|uncertainty_requires_review
SMA-RE-0125,primary_random,33792051,test,2,yes,True,True,True,False,exact,uncertainty_requires_review
SMA-RE-0126,primary_random,40926051,test,1,yes,True,True,True,True,exact,
SMA-RE-0127,primary_random,36560896,test,1,yes,True,True,True,True,exact,
SMA-RE-0128,primary_random,33498293,test,2,yes,True,False,False,False,not_located,not_located|no_predicate_cue
SMA-RE-0129,primary_random,36603028,test,1,no,True,True,True,False,exact,missing_endpoint_in_span|short_fragment
SMA-RE-0130,primary_random,40205228,test,0,no,True,True,True,True,exact,
SMA-RE-0131,primary_random,42121337,test,2,yes,True,True,True,False,exact,missing_endpoint_in_span
SMA-RE-0132,primary_random,39596348,test,1,no,True,True,True,False,exact,missing_endpoint_in_span
SMA-RE-0133,primary_random,29727687,development,0,no,True,True,True,True,exact,
SMA-RE-0134,primary_random,37229023,test,2,yes,True,True,True,True,exact,
SMA-RE-0135,primary_random,38671712,test,2,yes,True,True,True,True,exact,
SMA-RE-0136,primary_random,37064776,development,0,no,True,False,True,False,ordered_fragments,ellipsis_context_requires_review|missing_endpoint_in_span|experimental_context_requires_review
SMA-RE-0137,primary_random,33067401,test,1,no,True,True,True,False,exact,missing_endpoint_in_span|no_predicate_cue
SMA-RE-0138,primary_random,41320719,test,1,no,True,True,True,False,exact,missing_endpoint_in_span
SMA-RE-0139,primary_random,34721262,test,2,no,True,False,False,False,not_located,not_located|missing_endpoint_in_span|no_predicate_cue
SMA-RE-0140,primary_random,35177965,development,2,yes,True,True,True,True,exact,
SMA-RE-0141,primary_random,36413117,test,1,yes,True,True,True,False,exact,experimental_context_requires_review
SMA-RE-0142,primary_random,35337708,development,0,no,True,True,True,False,exact,missing_endpoint_in_span|no_predicate_cue
SMA-RE-0143,primary_random,32685590,test,0,no,True,True,True,False,exact,missing_endpoint_in_span
SMA-RE-0144,primary_random,39529156,development,1,no,True,True,True,False,exact,missing_endpoint_in_span
SMA-RE-0145,primary_random,25484024,development,0,yes,True,True,True,True,exact,
SMA-RE-0146,primary_random,30665421,test,0,no,True,True,True,False,exact,missing_endpoint_in_span
SMA-RE-0147,primary_random,41354988,test,1,no,True,True,True,False,exact,missing_endpoint_in_span
SMA-RE-0148,primary_random,41451418,test,1,yes,True,True,True,False,exact,no_predicate_cue
SMA-RE-0149,primary_random,31228281,development,2,yes,True,True,True,False,exact,missing_endpoint_in_span
SMA-RE-0150,primary_random,42170088,test,1,no,True,True,True,False,exact,missing_endpoint_in_span|uncertainty_requires_review
SMA-RE-0151,primary_random,39157287,development,2,yes,True,False,True,False,ordered_fragments,ellipsis_context_requires_review|negation_requires_review
SMA-RE-0152,primary_random,31402618,test,1,yes,True,True,True,False,exact,experimental_context_requires_review
SMA-RE-0153,primary_random,33724218,development,2,yes,True,False,False,False,not_located,not_located|no_predicate_cue
SMA-RE-0154,primary_random,25073774,test,2,yes,True,False,True,False,ordered_fragments,ellipsis_context_requires_review
SMA-RE-0155,primary_random,34287987,development,1,yes,True,True,True,True,exact,
SMA-RE-0156,primary_random,33743238,test,2,no,True,True,True,False,exact,missing_endpoint_in_span|no_predicate_cue
SMA-RE-0157,primary_random,40600202,test,1,no,True,True,True,False,exact,missing_endpoint_in_span|no_predicate_cue
SMA-RE-0158,primary_random,37392669,test,1,yes,True,True,True,True,exact,
SMA-RE-0159,primary_random,35037967,test,0,no,True,True,True,False,exact,missing_endpoint_in_span
SMA-RE-0160,primary_random,32051521,test,0,yes,True,True,True,False,exact,missing_endpoint_in_span
SMA-RE-0161,primary_random,36329412,test,1,yes,True,True,True,False,exact,uncertainty_requires_review
SMA-RE-0162,primary_random,39392569,test,1,yes,True,True,True,True,exact,
SMA-RE-0163,primary_random,39047390,test,1,no,True,True,True,False,exact,missing_endpoint_in_span|short_fragment
SMA-RE-0164,primary_random,30721650,test,2,yes,True,True,True,True,exact,
SMA-RE-0165,primary_random,33429824,test,1,no,True,True,True,False,exact,missing_endpoint_in_span
SMA-RE-0166,primary_random,39907139,test,2,yes,True,False,True,False,ordered_fragments,ellipsis_context_requires_review
SMA-RE-0167,primary_random,40311394,test,1,yes,True,True,True,False,exact,no_predicate_cue|uncertainty_requires_review
SMA-RE-0168,primary_random,37091744,development,0,no,True,False,True,False,ordered_fragments,ellipsis_context_requires_review
SMA-RE-0169,primary_random,33074187,development,1,no,True,True,True,False,exact,negation_requires_review
SMA-RE-0170,primary_random,28289706,test,1,yes,True,True,True,True,exact,
SMA-RE-0171,primary_random,28728573,development,2,yes,True,True,True,True,exact,
SMA-RE-0172,primary_random,25338097,test,1,yes,True,True,True,True,exact,
SMA-RE-0173,primary_random,31889567,development,2,yes,True,True,True,True,exact,
SMA-RE-0174,primary_random,35189949,test,1,no,True,True,True,False,exact,missing_endpoint_in_span
SMA-RE-0175,primary_random,25071210,development,1,no,True,True,True,False,exact,missing_endpoint_in_span|uncertainty_requires_review
SMA-RE-0176,primary_random,39690843,test,0,no,True,True,True,False,exact,missing_endpoint_in_span|uncertainty_requires_review
SMA-RE-0177,primary_random,28941298,development,0,no,True,False,False,False,not_located,not_located|no_predicate_cue
SMA-RE-0178,primary_random,33823304,test,2,yes,True,True,True,True,exact,
SMA-RE-0179,primary_random,29489501,test,0,yes,True,True,True,True,exact,
SMA-RE-0180,primary_random,37731145,test,0,no,True,True,True,False,exact,missing_endpoint_in_span|no_predicate_cue
SMA-RE-0181,primary_random,34553839,development,1,yes,True,True,True,False,exact,no_predicate_cue
SMA-RE-0182,primary_random,38581740,test,0,no,True,True,True,False,exact,missing_endpoint_in_span|no_predicate_cue|negation_requires_review
SMA-RE-0183,primary_random,32751151,test,1,no,True,True,True,False,exact,missing_endpoint_in_span|no_predicate_cue
SMA-RE-0184,primary_random,31787927,test,1,no,True,True,True,False,exact,missing_endpoint_in_span
SMA-RE-0185,primary_random,33986363,development,2,yes,True,True,True,False,exact,no_predicate_cue
SMA-RE-0186,primary_random,36278622,test,2,yes,True,True,True,False,exact,negation_requires_review
SMA-RE-0187,primary_random,29159074,development,2,yes,True,True,True,False,exact,no_predicate_cue
SMA-RE-0188,primary_random,31888525,test,0,yes,True,True,True,True,exact,
SMA-RE-0189,primary_random,38750391,development,2,yes,True,True,True,False,exact,no_predicate_cue
SMA-RE-0190,primary_random,27466204,test,1,no,True,True,True,False,exact,missing_endpoint_in_span
SMA-RE-0191,primary_random,34023917,development,1,no,True,False,False,False,not_located,not_located|missing_endpoint_in_span|short_fragment|no_predicate_cue
SMA-RE-0192,primary_random,41368038,test,0,no,True,True,True,False,exact,missing_endpoint_in_span
SMA-RE-0193,primary_random,37149951,development,1,no,True,True,True,False,exact,missing_endpoint_in_span|no_predicate_cue
SMA-RE-0194,primary_random,41623220,test,0,yes,True,True,True,False,exact,missing_endpoint_in_span
SMA-RE-0195,primary_random,35650592,test,1,no,True,True,True,False,exact,missing_endpoint_in_span|no_predicate_cue|negation_requires_review
SMA-RE-0196,primary_random,40910950,development,1,no,True,True,True,False,exact,missing_endpoint_in_span
SMA-RE-0197,primary_random,41299848,test,2,yes,True,True,True,True,exact,
SMA-RE-0198,primary_random,30188899,test,2,yes,True,True,True,True,exact,
SMA-RE-0199,primary_random,25083343,test,2,no,True,True,True,False,exact,missing_endpoint_in_span|negation_requires_review|uncertainty_requires_review
SMA-RE-0200,primary_random,35996994,development,1,yes,True,True,True,True,exact,
SMA-RE-0201,primary_random,26915343,test,1,yes,True,True,True,False,exact,missing_endpoint_in_span
SMA-RE-0202,primary_random,34287987,development,1,yes,True,True,True,True,exact,
SMA-RE-0203,primary_random,35902978,test,0,yes,True,True,True,False,exact,uncertainty_requires_review
SMA-RE-0204,primary_random,37823715,development,0,yes,True,False,False,False,not_located,not_located|missing_endpoint_in_span
SMA-RE-0205,primary_random,39848090,test,1,yes,True,True,True,False,exact,uncertainty_requires_review
SMA-RE-0206,primary_random,33003005,test,1,no,True,True,True,False,exact,missing_endpoint_in_span|no_predicate_cue
SMA-RE-0207,primary_random,34445733,test,2,yes,True,True,True,False,exact,missing_endpoint_in_span
SMA-RE-0208,primary_random,29306600,test,0,yes,True,False,True,False,ordered_fragments,ellipsis_context_requires_review
SMA-RE-0209,primary_random,25553367,development,1,no,True,True,True,False,exact,missing_endpoint_in_span
SMA-RE-0210,primary_random,31365319,test,1,no,True,True,True,False,exact,missing_endpoint_in_span|experimental_context_requires_review
SMA-RE-0211,primary_random,40407512,test,0,no,True,False,True,False,ordered_fragments,ellipsis_context_requires_review
SMA-RE-0212,primary_random,37722988,test,0,yes,True,True,True,True,exact,
SMA-RE-0213,primary_random,33485382,test,0,yes,True,False,False,False,not_located,not_located|no_predicate_cue
SMA-RE-0214,primary_random,33487676,development,0,yes,True,True,True,False,exact,no_predicate_cue
SMA-RE-0215,primary_random,27882347,test,1,yes,True,True,True,False,exact,missing_endpoint_in_span
SMA-RE-0216,primary_random,32809150,test,0,no,True,True,True,False,exact,missing_endpoint_in_span|uncertainty_requires_review
SMA-RE-0217,primary_random,30563832,development,2,yes,True,True,True,False,exact,no_predicate_cue
SMA-RE-0218,primary_random,31693467,development,0,no,True,True,True,False,exact,missing_endpoint_in_span|no_predicate_cue
SMA-RE-0219,primary_random,40905788,test,0,no,True,True,True,False,exact,missing_endpoint_in_span
SMA-RE-0220,primary_random,34482646,test,1,no,True,True,True,True,exact,
SMA-RE-0221,primary_random,42074613,test,1,yes,True,True,True,False,exact,no_predicate_cue
SMA-RE-0222,primary_random,25144193,test,1,yes,True,True,True,True,exact,
SMA-RE-0223,primary_random,41368038,test,0,no,True,True,True,False,exact,missing_endpoint_in_span
SMA-RE-0224,primary_random,30028531,development,0,no,True,False,False,False,not_located,not_located|missing_endpoint_in_span
SMA-RE-0225,primary_random,28945765,test,1,no,True,True,True,False,exact,missing_endpoint_in_span|short_fragment|no_predicate_cue|negation_requires_review
SMA-RE-0226,primary_random,33578442,test,0,no,True,True,True,False,exact,missing_endpoint_in_span
SMA-RE-0227,primary_random,37776479,test,0,no,True,False,True,False,ordered_fragments,ellipsis_context_requires_review|missing_endpoint_in_span|short_fragment|no_predicate_cue
SMA-RE-0228,primary_random,39976226,test,1,no,True,False,True,False,ordered_fragments,ellipsis_context_requires_review|missing_endpoint_in_span|short_fragment|no_predicate_cue|negation_requires_review|experimental_context_requires_review
SMA-RE-0229,primary_random,26381381,test,0,no,True,True,True,False,exact,missing_endpoint_in_span
SMA-RE-0230,primary_random,37822718,test,0,yes,True,True,True,True,exact,
SMA-RE-0231,primary_random,37724723,development,1,no,True,True,True,True,exact,
SMA-RE-0232,primary_random,40150894,development,0,yes,True,True,True,True,exact,
SMA-RE-0233,primary_random,33051992,test,1,yes,True,True,True,True,exact,
SMA-RE-0234,primary_random,41924788,test,1,yes,True,True,True,False,exact,uncertainty_requires_review
SMA-RE-0235,primary_random,37315541,test,0,no,True,True,True,False,exact,no_predicate_cue
SMA-RE-0236,primary_random,41031558,test,1,yes,True,False,False,False,not_located,not_located|missing_endpoint_in_span|no_predicate_cue
SMA-RE-0237,primary_random,29960818,test,0,no,True,False,True,False,ordered_fragments,ellipsis_context_requires_review|missing_endpoint_in_span
SMA-RE-0238,primary_random,33380733,development,0,yes,True,True,True,False,exact,missing_endpoint_in_span
SMA-RE-0239,primary_random,24814151,development,1,no,True,True,True,False,exact,missing_endpoint_in_span|short_fragment
SMA-RE-0240,primary_random,29167380,test,1,no,True,True,True,False,exact,missing_endpoint_in_span
SMA-RE-0241,primary_random,39625559,test,1,yes,True,True,True,True,exact,
SMA-RE-0242,primary_random,28598854,test,1,yes,True,True,True,True,exact,
SMA-RE-0243,primary_random,32169315,development,0,no,True,True,True,True,exact,
SMA-RE-0244,primary_random,33130193,test,2,yes,True,True,True,True,exact,
SMA-RE-0245,primary_random,41400829,test,1,no,True,True,True,False,exact,missing_endpoint_in_span
SMA-RE-0246,primary_random,35837793,test,2,yes,True,True,True,True,exact,
SMA-RE-0247,primary_random,34919695,test,0,no,True,True,True,True,exact,
SMA-RE-0248,primary_random,42251298,development,2,no,True,True,True,False,exact,missing_endpoint_in_span
SMA-RE-0249,primary_random,30788592,test,2,yes,True,True,True,False,exact,negation_requires_review
SMA-RE-0250,primary_random,36874214,development,0,yes,True,False,False,False,not_located,not_located|no_predicate_cue
SMA-RE-0251,primary_random,35931211,test,1,yes,True,True,True,False,exact,missing_endpoint_in_span|uncertainty_requires_review
SMA-RE-0252,primary_random,27650050,test,0,yes,True,True,True,True,exact,
SMA-RE-0253,primary_random,30248623,test,1,yes,True,True,True,False,exact,missing_endpoint_in_span
SMA-RE-0254,primary_random,32878721,test,1,yes,True,True,True,True,exact,
SMA-RE-0255,primary_random,38669792,development,2,yes,True,True,True,True,exact,
SMA-RE-0256,primary_random,33550591,test,1,yes,True,True,True,True,exact,
SMA-RE-0257,primary_random,37587305,test,0,no,True,False,True,False,ordered_fragments,ellipsis_context_requires_review|missing_endpoint_in_span
SMA-RE-0258,primary_random,37479010,test,1,no,True,True,True,False,exact,missing_endpoint_in_span
SMA-RE-0259,primary_random,40802943,test,2,yes,True,True,True,True,exact,
SMA-RE-0260,primary_random,33573692,development,1,no,True,True,True,False,exact,missing_endpoint_in_span|short_fragment
SMA-RE-0261,primary_random,27726134,test,2,yes,True,False,False,False,not_located,not_located|missing_endpoint_in_span|experimental_context_requires_review
SMA-RE-0262,primary_random,38689487,development,1,no,True,True,True,False,exact,missing_endpoint_in_span
SMA-RE-0263,primary_random,35218574,test,1,yes,True,True,True,True,exact,
SMA-RE-0264,primary_random,26331341,development,1,yes,True,True,True,False,exact,missing_endpoint_in_span
SMA-RE-0265,primary_random,36077311,test,0,no,True,True,True,False,exact,missing_endpoint_in_span|no_predicate_cue
SMA-RE-0266,primary_random,31274514,test,1,no,True,True,True,False,exact,missing_endpoint_in_span|no_predicate_cue
SMA-RE-0267,primary_random,36764497,test,0,yes,True,True,True,False,exact,negation_requires_review
SMA-RE-0268,primary_random,31073488,test,2,no,True,True,True,False,exact,missing_endpoint_in_span|short_fragment|no_predicate_cue
SMA-RE-0269,primary_random,27193168,test,1,yes,True,True,True,True,exact,
SMA-RE-0270,primary_random,31102495,test,0,yes,True,True,True,True,exact,
SMA-RE-0271,primary_random,39842910,test,2,no,True,True,True,False,exact,missing_endpoint_in_span|no_predicate_cue
SMA-RE-0272,primary_random,29326874,development,1,yes,True,False,True,False,ordered_fragments,ellipsis_context_requires_review
SMA-RE-0273,primary_random,37830609,development,1,no,True,True,True,False,exact,missing_endpoint_in_span|uncertainty_requires_review
SMA-RE-0274,primary_random,37808480,development,1,yes,True,False,True,False,normalized,no_predicate_cue
SMA-RE-0275,primary_random,29507115,test,2,yes,True,True,True,False,exact,uncertainty_requires_review
SMA-RE-0276,primary_random,32029694,development,0,no,True,True,True,False,exact,missing_endpoint_in_span
SMA-RE-0277,primary_random,41461996,test,0,no,True,True,True,False,exact,missing_endpoint_in_span
SMA-RE-0278,primary_random,38470509,development,2,no,True,True,True,False,exact,missing_endpoint_in_span
SMA-RE-0279,primary_random,36136906,development,0,yes,True,True,True,False,exact,missing_endpoint_in_span
SMA-RE-0280,primary_random,41969523,development,1,yes,True,True,True,False,exact,missing_endpoint_in_span
SMA-RE-0281,primary_random,41854353,development,1,no,True,True,True,False,exact,missing_endpoint_in_span
SMA-RE-0282,primary_random,26509018,test,2,yes,True,True,True,True,exact,
SMA-RE-0283,primary_random,40768667,test,1,no,True,True,True,True,exact,
SMA-RE-0284,primary_random,33060681,development,1,yes,True,True,True,True,exact,
SMA-RE-0285,primary_random,34871761,test,1,yes,True,True,True,True,exact,
SMA-RE-0286,primary_random,38214229,development,2,yes,True,True,True,False,exact,missing_endpoint_in_span
SMA-RE-0287,primary_random,33788421,development,1,no,True,True,True,False,exact,missing_endpoint_in_span|negation_requires_review
SMA-RE-0288,primary_random,38902631,test,2,yes,True,True,True,True,exact,
SMA-RE-0289,primary_random,31286145,development,2,yes,True,True,True,True,exact,
SMA-RE-0290,primary_random,38817128,test,1,no,True,True,True,False,exact,missing_endpoint_in_span
SMA-RE-0291,primary_random,41107965,test,2,yes,True,True,True,True,exact,
SMA-RE-0292,primary_random,31073488,test,2,no,True,True,True,True,exact,
SMA-RE-0293,primary_random,36208849,development,1,no,True,True,True,False,exact,missing_endpoint_in_span|no_predicate_cue
SMA-RE-0294,primary_random,32516136,test,1,no,True,True,True,False,exact,no_predicate_cue
SMA-RE-0295,primary_random,34897574,test,1,no,True,True,True,False,exact,missing_endpoint_in_span|short_fragment|no_predicate_cue
SMA-RE-0296,primary_random,41133701,test,0,no,True,True,True,False,exact,missing_endpoint_in_span
SMA-RE-0297,primary_random,40482302,test,0,no,True,True,True,False,exact,uncertainty_requires_review
SMA-RE-0298,primary_random,32503884,development,0,yes,True,True,True,False,exact,missing_endpoint_in_span
SMA-RE-0299,primary_random,32644125,test,2,yes,True,True,True,True,exact,
SMA-RE-0300,primary_random,38020590,test,2,no,True,True,True,False,exact,missing_endpoint_in_span
SMA-RE-0301,challenge,36050898,development,0,yes,True,False,True,False,ordered_fragments,ellipsis_context_requires_review
SMA-RE-0302,challenge,34421296,test,0,no,True,True,True,False,exact,missing_endpoint_in_span
SMA-RE-0303,challenge,29790918,test,0,yes,True,False,False,False,not_located,not_located|missing_endpoint_in_span|no_predicate_cue|experimental_context_requires_review
SMA-RE-0304,challenge,25822836,development,0,no,True,True,True,False,exact,missing_endpoint_in_span
SMA-RE-0305,challenge,26794302,development,1,yes,True,False,True,False,ordered_fragments,ellipsis_context_requires_review
SMA-RE-0306,challenge,35040693,development,2,no,True,False,True,False,ordered_fragments,ellipsis_context_requires_review|missing_endpoint_in_span|negation_requires_review|uncertainty_requires_review
SMA-RE-0307,challenge,39129236,test,1,yes,True,True,True,False,exact,missing_endpoint_in_span|uncertainty_requires_review
SMA-RE-0308,challenge,42165132,development,0,no,True,False,True,False,ordered_fragments,ellipsis_context_requires_review|missing_endpoint_in_span|no_predicate_cue|experimental_context_requires_review
SMA-RE-0309,challenge,39759580,test,1,no,True,False,True,False,ordered_fragments,ellipsis_context_requires_review|missing_endpoint_in_span
SMA-RE-0310,challenge,40150095,test,1,no,True,False,True,False,ordered_fragments,ellipsis_context_requires_review|missing_endpoint_in_span|no_predicate_cue|uncertainty_requires_review
SMA-RE-0311,challenge,40329332,test,0,no,True,False,False,False,not_located,not_located|missing_endpoint_in_span
SMA-RE-0312,challenge,32470325,test,1,no,True,False,False,False,not_located,not_located
SMA-RE-0313,challenge,28515487,test,0,yes,True,False,False,False,not_located,not_located
SMA-RE-0314,challenge,32926458,test,0,yes,True,False,False,False,not_located,not_located|negation_requires_review
SMA-RE-0315,challenge,36959618,development,0,no,True,False,True,False,ordered_fragments,ellipsis_context_requires_review|missing_endpoint_in_span|short_fragment|uncertainty_requires_review
SMA-RE-0316,challenge,40018937,test,1,no,True,False,True,False,ordered_fragments,ellipsis_context_requires_review|missing_endpoint_in_span|no_predicate_cue
SMA-RE-0317,challenge,28460014,test,1,no,True,False,True,False,normalized,missing_endpoint_in_span
SMA-RE-0318,challenge,28524214,test,1,no,True,False,True,False,ordered_fragments,ellipsis_context_requires_review|missing_endpoint_in_span|negation_requires_review
SMA-RE-0319,challenge,32587569,test,1,yes,True,False,True,False,ordered_fragments,ellipsis_context_requires_review|missing_endpoint_in_span
SMA-RE-0320,challenge,35170254,development,2,no,True,False,False,False,not_located,not_located|missing_endpoint_in_span
SMA-RE-0321,challenge,39969920,test,1,yes,True,False,False,False,not_located,not_located
SMA-RE-0322,challenge,28362802,development,1,no,True,False,False,False,not_located,not_located|missing_endpoint_in_span
SMA-RE-0323,challenge,36050898,development,0,yes,True,False,True,False,ordered_fragments,ellipsis_context_requires_review
SMA-RE-0324,challenge,34421296,test,0,no,True,True,True,False,exact,missing_endpoint_in_span
SMA-RE-0325,challenge,40010612,test,0,no,True,False,False,False,not_located,not_located|no_predicate_cue|experimental_context_requires_review
SMA-RE-0326,challenge,39342433,development,0,no,True,True,True,False,exact,missing_endpoint_in_span|no_predicate_cue
SMA-RE-0327,challenge,25625564,test,0,no,True,True,True,False,exact,no_predicate_cue
SMA-RE-0328,challenge,35040693,development,0,no,True,True,True,False,exact,negation_requires_review|uncertainty_requires_review
SMA-RE-0329,challenge,37606479,development,0,yes,True,True,True,False,exact,missing_endpoint_in_span|no_predicate_cue
SMA-RE-0330,challenge,40768667,test,1,yes,True,False,False,False,not_located,not_located|no_predicate_cue
SMA-RE-0331,challenge,39759580,test,0,no,True,False,True,False,ordered_fragments,ellipsis_context_requires_review|missing_endpoint_in_span
SMA-RE-0332,challenge,31292223,development,1,yes,True,False,False,False,not_located,not_located|no_predicate_cue|uncertainty_requires_review
SMA-RE-0333,challenge,33938454,test,0,no,True,False,True,False,ordered_fragments,ellipsis_context_requires_review|missing_endpoint_in_span
SMA-RE-0334,challenge,35205250,test,1,no,True,False,True,False,ordered_fragments,ellipsis_context_requires_review|missing_endpoint_in_span
SMA-RE-0335,challenge,27483257,test,0,no,True,False,True,False,ordered_fragments,ellipsis_context_requires_review|experimental_context_requires_review
SMA-RE-0336,challenge,32006461,development,1,yes,True,False,True,False,ordered_fragments,ellipsis_context_requires_review|negation_requires_review|uncertainty_requires_review
SMA-RE-0337,challenge,36959618,development,0,no,True,False,True,False,ordered_fragments,ellipsis_context_requires_review|missing_endpoint_in_span|short_fragment|uncertainty_requires_review
SMA-RE-0338,challenge,40317045,test,1,no,True,False,False,False,not_located,not_located|missing_endpoint_in_span
SMA-RE-0339,challenge,28711173,test,0,no,True,True,True,False,exact,missing_endpoint_in_span
SMA-RE-0340,challenge,28524214,test,1,no,True,False,True,False,ordered_fragments,ellipsis_context_requires_review|missing_endpoint_in_span|negation_requires_review
SMA-RE-0341,challenge,28515487,test,1,yes,True,False,True,False,ordered_fragments,ellipsis_context_requires_review|missing_endpoint_in_span|no_predicate_cue|experimental_context_requires_review
SMA-RE-0342,challenge,39587573,development,1,no,True,False,True,False,ordered_fragments,ellipsis_context_requires_review
SMA-RE-0343,challenge,39969920,test,1,yes,True,False,False,False,not_located,not_located
SMA-RE-0344,challenge,28362802,development,1,no,True,False,False,False,not_located,not_located|missing_endpoint_in_span
SMA-RE-0345,challenge,36050898,development,0,yes,True,False,True,False,ordered_fragments,ellipsis_context_requires_review
SMA-RE-0346,challenge,40107259,development,0,no,True,True,True,False,exact,missing_endpoint_in_span|no_predicate_cue|uncertainty_requires_review
SMA-RE-0347,challenge,31031583,test,0,no,True,True,True,False,exact,missing_endpoint_in_span
SMA-RE-0348,challenge,38457958,test,0,no,True,True,True,True,exact,
SMA-RE-0349,challenge,36959618,development,0,yes,True,True,True,False,exact,uncertainty_requires_review
SMA-RE-0350,challenge,29034082,test,0,no,True,True,True,False,exact,missing_endpoint_in_span|no_predicate_cue
SMA-RE-0351,challenge,39272200,test,1,no,True,True,True,False,exact,missing_endpoint_in_span|short_fragment|no_predicate_cue
SMA-RE-0352,challenge,33822657,development,0,no,True,False,False,False,not_located,not_located|no_predicate_cue
SMA-RE-0353,challenge,33792051,test,1,no,True,False,True,False,ordered_fragments,ellipsis_context_requires_review|short_fragment|no_predicate_cue|uncertainty_requires_review
SMA-RE-0354,challenge,40317413,test,0,no,True,False,False,False,not_located,not_located|missing_endpoint_in_span|uncertainty_requires_review
SMA-RE-0355,challenge,40720033,test,2,yes,True,False,True,False,ordered_fragments,ellipsis_context_requires_review|short_fragment
SMA-RE-0356,challenge,34232342,test,1,no,True,False,False,False,not_located,not_located|negation_requires_review
SMA-RE-0357,challenge,35902978,test,1,yes,True,False,False,False,not_located,not_located
SMA-RE-0358,challenge,32006461,development,1,yes,True,False,True,False,ordered_fragments,ellipsis_context_requires_review|negation_requires_review|uncertainty_requires_review
SMA-RE-0359,challenge,40085221,development,1,no,True,False,True,False,ordered_fragments,ellipsis_context_requires_review|missing_endpoint_in_span
SMA-RE-0360,challenge,40018937,test,1,no,True,False,True,False,ordered_fragments,ellipsis_context_requires_review|missing_endpoint_in_span|no_predicate_cue
SMA-RE-0361,challenge,26460027,development,0,no,True,True,True,False,exact,missing_endpoint_in_span|no_predicate_cue
SMA-RE-0362,challenge,30171558,development,1,yes,True,False,True,False,ordered_fragments,ellipsis_context_requires_review|uncertainty_requires_review|experimental_context_requires_review
SMA-RE-0363,challenge,33931933,development,1,yes,True,False,True,False,ordered_fragments,ellipsis_context_requires_review
SMA-RE-0364,challenge,35170254,development,2,no,True,False,False,False,not_located,not_located|missing_endpoint_in_span
SMA-RE-0365,challenge,39969920,test,1,yes,True,False,False,False,not_located,not_located
SMA-RE-0366,challenge,34878393,test,1,yes,True,False,False,False,not_located,not_located
SMA-RE-0367,challenge,25120326,test,0,no,True,False,False,False,not_located,not_located
SMA-RE-0368,challenge,41604314,test,0,no,True,True,True,False,exact,missing_endpoint_in_span|no_predicate_cue
SMA-RE-0369,challenge,29790918,test,0,yes,True,False,False,False,not_located,not_located|no_predicate_cue|experimental_context_requires_review
SMA-RE-0370,challenge,26823478,test,0,yes,True,False,True,False,ordered_fragments,ellipsis_context_requires_review|missing_endpoint_in_span
SMA-RE-0371,challenge,26715011,development,1,yes,True,True,True,False,exact,no_predicate_cue
SMA-RE-0372,challenge,38189761,test,0,no,True,True,True,False,exact,missing_endpoint_in_span
SMA-RE-0373,challenge,34184031,test,0,yes,True,True,True,True,exact,
SMA-RE-0374,challenge,30028737,test,0,yes,True,False,False,False,not_located,not_located|no_predicate_cue
SMA-RE-0375,challenge,39759580,test,1,no,True,False,True,False,ordered_fragments,ellipsis_context_requires_review|missing_endpoint_in_span
SMA-RE-0376,challenge,31292223,development,1,yes,True,False,False,False,not_located,not_located|no_predicate_cue|uncertainty_requires_review
SMA-RE-0377,challenge,41655958,development,0,no,True,True,True,False,exact,missing_endpoint_in_span
SMA-RE-0378,challenge,26250347,test,0,no,True,False,False,False,not_located,not_located|missing_endpoint_in_span
SMA-RE-0379,challenge,37953591,test,1,yes,True,False,True,False,ordered_fragments,ellipsis_context_requires_review|missing_endpoint_in_span|no_predicate_cue
SMA-RE-0380,challenge,32006461,development,1,yes,True,False,True,False,ordered_fragments,ellipsis_context_requires_review|negation_requires_review
SMA-RE-0381,challenge,28173138,test,1,no,True,False,False,False,not_located,not_located|missing_endpoint_in_span
SMA-RE-0382,challenge,36563465,development,1,yes,True,False,False,False,not_located,not_located
SMA-RE-0383,challenge,33415588,development,2,yes,True,True,True,False,exact,missing_endpoint_in_span
SMA-RE-0384,challenge,33949928,test,1,no,True,False,True,False,ordered_fragments,ellipsis_context_requires_review|missing_endpoint_in_span
SMA-RE-0385,challenge,30409445,test,1,no,True,False,True,False,ordered_fragments,ellipsis_context_requires_review|missing_endpoint_in_span
SMA-RE-0386,challenge,26433686,test,1,yes,True,False,True,False,ordered_fragments,ellipsis_context_requires_review|uncertainty_requires_review
SMA-RE-0387,challenge,39969920,test,1,yes,True,False,False,False,not_located,not_located
SMA-RE-0388,challenge,39587573,development,1,no,True,False,True,False,ordered_fragments,ellipsis_context_requires_review|no_predicate_cue
SMA-RE-0389,challenge,25120326,test,0,no,True,False,False,False,not_located,not_located|missing_endpoint_in_span
SMA-RE-0390,challenge,38267192,test,0,no,True,True,True,False,exact,missing_endpoint_in_span|uncertainty_requires_review
SMA-RE-0391,challenge,36419936,development,0,yes,True,False,True,False,ordered_fragments,ellipsis_context_requires_review|short_fragment|no_predicate_cue|experimental_context_requires_review
SMA-RE-0392,challenge,30721650,test,0,yes,True,False,True,False,ordered_fragments,ellipsis_context_requires_review
SMA-RE-0393,challenge,33427694,test,1,no,True,True,True,False,exact,missing_endpoint_in_span|short_fragment
SMA-RE-0394,challenge,40047158,test,0,no,True,True,True,True,exact,
SMA-RE-0395,challenge,41484582,test,1,no,True,True,True,False,exact,missing_endpoint_in_span|no_predicate_cue|negation_requires_review
SMA-RE-0396,challenge,33012052,test,1,no,True,True,True,False,exact,negation_requires_review
SMA-RE-0397,challenge,39759580,test,1,no,True,False,True,False,ordered_fragments,ellipsis_context_requires_review|missing_endpoint_in_span
SMA-RE-0398,challenge,31292223,development,1,yes,True,False,False,False,not_located,not_located|missing_endpoint_in_span|no_predicate_cue|uncertainty_requires_review
SMA-RE-0399,challenge,29160009,development,0,no,True,True,True,False,exact,negation_requires_review|uncertainty_requires_review
SMA-RE-0400,challenge,38413837,development,1,no,True,False,False,False,not_located,not_located
