role,path,bytes,sha256
workbook,D:\kg_sma_0704\outputs\fyp_gold_annotation_2026-10-01\SMA人工标注集_400条_最终全表复核版.xlsx,422025,8316aee46846b70b1863d8884f2c75b12e832965dfed2ddcc0014e70b0eba697
candidates,D:\kg_sma_0704\artifacts\runs\stage2_gold_candidates_400_2026-10-01\gold_candidates.jsonl,1085850,8ce93652ec985727e278d708d87437be8658e9096abc9b9c4bc803e6f157c979
abstracts,D:\kg_sma_0704\data\raw\pubmed_sma_abstracts.jsonl,7761733,5cfe801ab22312fa0cad317da994ff55ba96913df12a79c9464f472d2a622a48
raw,D:\kg_sma_0704\data\processed\extracted_triples.jsonl,9911733,0d23d5dd162744dd70228905e6367800658e5d0af0b7328df50a6e62bfde76cb
dictionary,D:\kg_sma_0704\data\interim\mapped_triples.jsonl,9943391,7f10841e68bcd54aeb58658562e1147b20c5a4502b8ef5928ef08c7637b9e4f8
semantic,D:\kg_sma_0704\data\interim\aligned_triples.jsonl,9943391,8bcb0a1863b36419160b7ac4072c0887a7d26aef552ee6fbf2caec68db854d5f
fused,D:\kg_sma_0704\data\processed\fused_triples.jsonl,7843814,ecdd5e68a308309f423b5ade455d14131152f67dcf978579c9f254c9d7de0e5d
entity_dictionary,D:\kg_sma_0704\resources\entity_dictionary.json,1223,8f6ab91594e7aa276eb6b96c0fc224139f5bb949c14bc846c3b9d3ee45843cf1
schema,D:\kg_sma_0704\resources\biomedical_schema.json,4503,118b32bd8c60031b8121fdd95266e4e0a7e557c672e733dc4eeaf5d83cf5ae8e
evidence_code,D:\kg_sma_0704\src\biomedical\evidence_validation.py,8725,a82d03fd7a7da11ee8814f3c115cc798132b495d1362863446cdb7c3bfe52ceb
dataset_code,D:\kg_sma_0704\src\evaluation\fyp_dataset.py,7292,85aa412ff05c1763482d8974e04a2823ea790fec8b36ca968d86846d8190ada3
runner_code,D:\kg_sma_0704\src\evaluation\run_fyp_evaluation.py,16746,cb79b1dba33f35577bdeb1b2bdf811215253cab9a97d0ac3cc667452d5b409be
aggregation_code,D:\kg_sma_0704\src\fusion\triples_aggregator.py,6197,2efc9f6bc6aec32894016d61d1ecb3f9a5ed13c09725009bac28de1cb63f09d4
