artifact,path,bytes,sha256
abstracts,D:\kg_sma_0704\data\raw\pubmed_sma_abstracts.jsonl,7761733,5cfe801ab22312fa0cad317da994ff55ba96913df12a79c9464f472d2a622a48
raw,D:\kg_sma_0704\data\processed\extracted_triples.jsonl,9911733,0d23d5dd162744dd70228905e6367800658e5d0af0b7328df50a6e62bfde76cb
mapped,D:\kg_sma_0704\data\interim\mapped_triples.jsonl,9943391,7f10841e68bcd54aeb58658562e1147b20c5a4502b8ef5928ef08c7637b9e4f8
aligned,D:\kg_sma_0704\data\interim\aligned_triples.jsonl,9914761,65fc3e961e37e5361b47dd46dccef4916575d0e3b71130a8e6c775a18b36e58e
fused,D:\kg_sma_0704\data\processed\fused_triples.jsonl,6748003,1771293aad8258befe717c7c7ca00c349fe5fdb782b84245b1357ad45e332b5a
conflicts,D:\kg_sma_0704\data\interim\relation_conflicts.jsonl,15047,96c8923c9d67776b00936169323ee092979870d40b15c5a932d37a022b2924db
candidates,D:\kg_sma_0704\artifacts\runs\stage2_gold_candidates_400_2026-10-01\gold_candidates.jsonl,1085850,8ce93652ec985727e278d708d87437be8658e9096abc9b9c4bc803e6f157c979
workbook,D:\kg_sma_0704\outputs\fyp_gold_annotation_2026-10-01\SMA人工标注集_400条.xlsx,327085,324558353915762a2bbe2fbc17bef9dba4cebdc38fe88ffb8ac2fef77f3f450c
alignment_review_candidates.jsonl,D:\kg_sma_0704\artifacts\runs\fyp_readiness_audit_2026-10-02\alignment_review_candidates.jsonl,467784,0f6e99033a3bd1b45eb4cf6450542e95c31f31a680ec108520e5ea9491a29e33
conflict_review_candidates.jsonl,D:\kg_sma_0704\artifacts\runs\fyp_readiness_audit_2026-10-02\conflict_review_candidates.jsonl,244798,60e18de8939088dacbcf88412e96787b835946dc4ad1ecb671b49860b6ab5c12
evidence_location_review.jsonl,D:\kg_sma_0704\artifacts\runs\fyp_readiness_audit_2026-10-02\evidence_location_review.jsonl,1465212,8e0b4e61a941ea62a9fe9283eff929146dba72fb6eca3714901436135640f040
validation_summary.json,D:\kg_sma_0704\artifacts\runs\fyp_readiness_audit_2026-10-02\validation_summary.json,1897,5347881459742228817efaf4cdb69e3de9d4595bcef2ff5b3106c0a594fcdd6e
human_review_progress_initial.json,D:\kg_sma_0704\artifacts\runs\fyp_readiness_audit_2026-10-02\human_review_progress_initial.json,936,72258498653654e4fb8981626ec2dfa28ac4e91aa79e9ef41016980e37201173
verification.log,D:\kg_sma_0704\artifacts\runs\fyp_readiness_audit_2026-10-02\verification.log,973,9fd030d408a19fcbeead90e43b4e07d65bc43c76d9816254ad101f8c5f86241c
audit_fyp_inputs.py,D:\kg_sma_0704\src\evaluation\audit_fyp_inputs.py,14359,0c2c74cb79718ebe97fdb9daab80c9e65dd21cb3fed6622755143d202f526d40
summarize_gold_review.py,D:\kg_sma_0704\src\evaluation\summarize_gold_review.py,8736,5483a1141b05102da7bbe60435c3468b6bce722e9465634216df27997cfde568
biomedical_schema.json,D:\kg_sma_0704\resources\biomedical_schema.json,4503,118b32bd8c60031b8121fdd95266e4e0a7e557c672e733dc4eeaf5d83cf5ae8e
test_fyp_review.py,D:\kg_sma_0704\tests\unit\test_fyp_review.py,4000,2b7adb67b8a8a9d4844cb3058015b89b678e3183d16cdee4f23c08a88864c75e
