kind,path,bytes,sha256
project,.scratch\fyp-evaluation\issues\01-confirm-review-provenance.md,1166,4c1db61354e075fb15e97d3fd75808db1f95c67df6143b8e88bbe6602b78df15
project,.scratch\fyp-evaluation\issues\02-review-fusion-mappings.md,1341,c25f2a5972db717eabfeb846c18723a868286f2664e6f510475c2c8e5ca39dd0
project,.scratch\fyp-evaluation\issues\03-entity-identity-model.md,1143,e36faa3698ce43cfecb366d335ccbadb474e23e86c0cd508657c8e4a72b6dd0c
project,.scratch\fyp-evaluation\issues\04-prevent-incompatible-alignment.md,1830,edce3f34491c87cc3643ce3116095346cca9bdb19fafe5e71dd86686c8ea31f6
project,.scratch\fyp-evaluation\issues\05-align-report-scope.md,1295,62a102eff68ac8a89237a9ee5bd2fc029784a440bd86697376b1f4bfe334f721
project,.scratch\stage3-prep\issues\01-review-topic-balanced-expansion.md,1570,fc9cf6183d4142fd30a262ea33f3a0b448b2e4c5ac3e7e5f7900834e673095c8
project,.scratch\stage3-prep\issues\02-build-gold-set-before-medical-model-finetuning.md,2368,b4e29afd0581178db2b0dd92689b5cacb9a82adfeae352fab00e04a2c4d638d3
project,.scratch\stage3-prep\PRD.md,1476,48bf7cae51542e9924108d0ae4dc05dfba72bb7cff8846208f27dd5efc7686a7
project,data\external\sma_gda_baseline.jsonl,19677,f02cb91fb0e6e75debcd549b615aadb6d7a50965cd9ea3bff3eebb13444b76cb
project,data\interim\aggregation_rejected.jsonl,0,e3b0c44298fc1c149afbf4c8996fb92427ae41e4649b934ca495991b7852b855
project,data\interim\aligned_triples.jsonl,9943391,8bcb0a1863b36419160b7ac4072c0887a7d26aef552ee6fbf2caec68db854d5f
project,data\interim\mapped_triples.jsonl,9943391,7f10841e68bcd54aeb58658562e1147b20c5a4502b8ef5928ef08c7637b9e4f8
project,data\interim\relation_conflicts.jsonl,9063,1a39be9c5a60dd5517829cdfffce4fe825a7edd62745aed20b3b1e5d01cdea78
project,data\interim\rule_candidate_triples.jsonl,0,e3b0c44298fc1c149afbf4c8996fb92427ae41e4649b934ca495991b7852b855
project,data\processed\analytics_metrics.csv,1231133,7d4c81005f78ad2177fbedfe0412758e65b837144b3fb15ca94943e97806522e
project,data\processed\clustered_abstracts.jsonl,7768236,7e88584462561b4e9d42c3adf1e58c72bb12093d015a84fe682c9d0aa4a20d63
project,data\processed\extracted_triples.jsonl,9911733,0d23d5dd162744dd70228905e6367800658e5d0af0b7328df50a6e62bfde76cb
project,data\processed\fused_triples.jsonl,7843814,ecdd5e68a308309f423b5ade455d14131152f67dcf978579c9f254c9d7de0e5d
project,data\processed\human_evaluation_sample.csv,15696,1eee88882728f28f90a99000ccacc6698492fd3c17940b434f709aaae4a2d0ef
project,data\processed\human_evaluation_sample_scored.csv,15932,0f68fe57d0679f70ed2ca801e4bb57a575e97b2f4f050abb679e8cbc886190b4
project,data\processed\llm_extracted_triples.jsonl,9943543,d8fa349581edde56066c629a022cf658236bee004d6e5cf174188edf5529b1c2
project,data\processed\llm_novel_discoveries.csv,618,df0d269d24d746dc204b11a3072610d5e7e8bc89712084e3b2cfbd90d34720b8
project,data\processed\spacy_extracted_triples.jsonl,1141675,cf4e817ae155a536e0bb86321af9fac2b0e8f025aa02d68870a060e2c8422ac7
project,data\raw\pubmed_sma_abstracts.jsonl,7761733,5cfe801ab22312fa0cad317da994ff55ba96913df12a79c9464f472d2a622a48
project,docs\agents\archive\PLAN_COMPLETED_2026-06-09.md,12798,fab1b4d00f18bff8224b3cac75f36b9cfb7b2c59ae91ebaca8ad759c4c1be746
project,docs\agents\domain.md,1469,30bc10708b0fb1bafc86fb154988a3cdfb051236b07b4b4c938f410ea84f578b
project,docs\agents\issue-tracker.md,791,96dd5345501d47e1233dc3f1ab90cf3679b4693064cbc2f4ad9276efb66dca88
project,docs\agents\ISSUE_LOG.md,23417,832cfb18ca2343b3ab0c315a619f441aa85f221fabc6cf9affd28e2d3e1b34a0
project,docs\agents\PLAN.md,8409,e05717fed6e702066e38fada4179ac4f6a330e9ede80633ccaa6c39024ac2895
project,docs\agents\triage-labels.md,781,93b06cc995128bfa56d59a16b734f317e8c83d28eb8e2a658ad2f19d550b4980
project,docs\archive\PRE_FOUR_REPAIRS_FYP_COMPLETION_PLAN_2026-10-02.md,18719,1af3e31add1227f970d8cd412382b9cac921f8026c9d9fa2fafbf32967085928
project,docs\archive\PRE_FOUR_REPAIRS_FYP_COMPLETION_STATUS_2026-10-02.md,5943,4d16c8ee07279db29a21446c06fab5717ddc9ab9dab192b8271b83f4a1efdc24
project,docs\archive\PRE_FOUR_REPAIRS_FYP_READINESS_REVIEW_2026-10-02.md,9038,9c301f53799a5cd38405e0bd096141a37ce394ce979e8cbc1028490f2e67c7cc
project,docs\archive\SMA_KG_Project_Overview_OLD.md,7270,bc666d3e68be3650d6364c72794557b6b3d11bf72903ddd001d3fc801daf22f2
project,docs\fyp\ASSESSMENT_OVERVIEW_2026-10-02.md,2621,4d6ae1c76474e71f37d661debae41fbf29b266262d023bc8c4ac17b76d5dd089
project,docs\fyp\FYP_COMPLETION_PLAN_2026-10-02.md,2339,b500d01952633aebec487c5573abbe0a7338661e8c07c9d31ee124102a853f8e
project,docs\fyp\FYP_COMPLETION_STATUS_2026-10-02.md,6009,59070485f575802584ff74373ec7604dc343b835ad7a7e5872a42b6615d13d4b
project,docs\fyp\FYP_EVALUATION_PROTOCOL_2026-10-02.md,7373,c0be4d566b0ead20055442af1dffa393927c9b0047b637366c1a18179980b290
project,docs\fyp\FYP_FOUR_REPAIRS_STATUS_2026-10-02.md,5935,4907f4bed9e22485d9a72a860dfc37988cc2e10d59aa7135faed62a4d475799f
project,docs\fyp\FYP_READINESS_REVIEW_2026-10-02.md,6009,59070485f575802584ff74373ec7604dc343b835ad7a7e5872a42b6615d13d4b
project,docs\fyp\HUMAN_REVIEW_AND_VALIDATION_GUIDE_2026-10-02.md,15585,eb4647b71bec6cb9d8ec34efcaed2d4e9bad68cba2986171af697b67d7482387
project,docs\fyp\project_reference\README.md,512,21a850815571f2d593bd0634d344de17c3eaa711808f7b3e660baea40407bbd5
project,docs\fyp\project_reference\毕设总体结构-贾欧妮.pdf,989521,ea52863886dc6063757980dc05ddf58d4983cb699c41b5d69c0c4c331b7468df
project,docs\FYP_REPORT_EVIDENCE_NOTES.md,10258,aea326731696a58bd5d336cac74c5dbff5d3cd361d9b04394521c04b27a2955a
project,docs\graph_viewer.html,42405320,5418f37878ac28e675d715180cea9363bbf4ad779aedfd33eafffb508cc73635
project,docs\PROJECT_HANDOFF_2026-06-09.md,8573,798baa479cd8b32596faaa364c2de929734c4cdfe4b6b6dbbdb3cde5b8124f09
project,docs\reproduction\ENGINEERING_HARDENING_2026-06-09.md,9937,d228e62116c6f534ba9b0f5a193a2e96735543a5cda3b339f7ce08e463f2e217
project,docs\reproduction\FYP_FOUR_REPAIRS_2026-10-02.md,8009,c41a38544a6cc3a11c7b2e24b95f6730121b2a31e905dd76b27088554c551231
project,docs\reproduction\STAGE1_DATA_ACQUISITION_REPRO_2026-06-08.md,40010,df97e5109a41771c8142b4379814aa49d69be554865a88ca35642eb953355862
project,docs\reproduction\STAGE2_EXTRACTION_STABILIZATION_PLAN_2026-06-08.md,12499,befe4f0668556fde33fe2513eace11972b2c327bed6141be15fabea9fac1da10
project,docs\reproduction\STAGE2_FULL_LLM_EXTRACTION_2026-06-09.md,3114,cb84a764db217d690fcf16dfae244a085a70cf6d7e06474762740a466b06129c
project,docs\reproduction\STAGE3_PREP_2026-06-09.md,4802,93bdfb19441fcd9a384621d5b32e87015be68441e84da57fa6d7c6b8c72cd76f
project,docs\reproduction\STAGE3_STAGE4_REPRO_2026-06-09.md,5569,f3d2834d16ee05ec9b778107b8825c48cf8b5dded81ee5364c687cec219ed67c
project,docs\SMA_KG_Technical_Plan.md,6007,e9c4896e754ddd957c724c14cd5bffb621b941471670cda7ed5eebd12bebc37b
project,notebooks\01_topic_clustering.ipynb,2713,56a76f097b25ee2367962d78dcbcee0d92d36f2f96aa28ac23913889a6f48e9c
project,notebooks\01_topic_clustering.py,1528,55435fe5f0c5f396f828c59134b150dff93130af214b619014e7d077ce70e93b
project,notebooks\topic_barchart.html,4572745,d67c41d8431dc9593ad51414a9d626deec0e6bbce2ad4f5d377f2a29a5ec00d9
project,resources\biomedical_schema.json,4503,118b32bd8c60031b8121fdd95266e4e0a7e557c672e733dc4eeaf5d83cf5ae8e
project,resources\entity_dictionary.json,1223,8f6ab91594e7aa276eb6b96c0fc224139f5bb949c14bc846c3b9d3ee45843cf1
project,src\biomedical\__init__.py,65,86f956cc335cfee6642a1bfbcfb6a34228bb1d71c014b8848d4331dbb27b96ee
project,src\biomedical\assertion_quality.py,3926,d5d9c140bb412b78e2d2e4221cb3c7eefc4e124ff662062b871919c741785df1
project,src\biomedical\confidence.py,3690,ffb76dc894c7de0262c906c85e3c20d02c971fa16c860a922720035edbfb3a0a
project,src\biomedical\entity_identity.py,1972,b15e6727e44b169493f2dd922a57f8219d9ccc6c225055667636a17513256f51
project,src\biomedical\evidence_validation.py,8725,a82d03fd7a7da11ee8814f3c115cc798132b495d1362863446cdb7c3bfe52ceb
project,src\biomedical\schema.py,4492,f9991c675edbadcfce99e833416aa68b3177ac474c78c0e7e45a565eb0f09f58
project,src\crawler\api_fetcher.py,4039,2e120e2460855b44567c752d4b1c0fad93b2977150b9c48bf03457bca93a8e0a
project,src\crawler\pubmed_crawler.py,3367,2cd5a220352bd3abc736630f4e1da955483bc12e05c122d7c5e3c5950f8935a3
project,src\crawler\topic_balanced_pubmed.py,6640,9643ed173e94acd27cd45b61cacf0d936728b2e1536c0998a148868b9e75b6d2
project,src\crawler\topic_clustering.py,6299,4ce3fbba0b44c7f168804ef6781d8b61820cf5e6615c999695ccbc7a98ce2bdd
project,src\database\generate_pyvis.py,5204,ed4669dbb5a50feba0abbe3fbf1f85864446f82480df116e3fd64f4bb58ebff6
project,src\database\graph_analytics.py,4705,f77913c1e43a884e0cf08cc8ffa3b41bdfa24fc707f876238d48675bc6e66018
project,src\database\neo4j_importer.py,14602,7d22b5e205ef56f51baaa0e665b947dc6e646bf104def3367c10ec68214809fb
project,src\database\run_stage4_graph.py,11368,4181f02d2eff5c84fc089ff6c88360483c79078cdc5efb2a2841826140771a1d
project,src\evaluation\ablation_study.py,2773,bbe435018205ea40e05de8e290d645cc7a43673562567ce1bf2761afb598ab03
project,src\evaluation\audit_fyp_completion.py,8759,ef6c884446764e0910b8592724e6c04a2c642d368215a38e431fe584dbb8ade9
project,src\evaluation\audit_fyp_inputs.py,14359,0c2c74cb79718ebe97fdb9daab80c9e65dd21cb3fed6622755143d202f526d40
project,src\evaluation\baseline_eval.py,3857,8972a5fb1715ffc857d32f2cff2e2dd675f20b4e1a0fe654448866fc532b1749
project,src\evaluation\baseline_eval_advanced.py,3500,bd9dad8123a743153e571154c7a67fedbfa895f646691f65a3454b0ae68a7eb3
project,src\evaluation\build_fyp_graph_explorer.py,7591,3889cff209e21093594cfc6cab00e0122bf7010c38edaff0def0b947614ad09f
project,src\evaluation\build_fyp_repair_report.py,17398,49695bff39e2df13412371f6d0f36c03d74563d478edd9affddbb45e84aa8e4c
project,src\evaluation\build_fyp_report.py,26356,d0945c6b3c22851b0a7ff421982d2e2f0ec88b83a540ead9bca3fd57244e3f58
project,src\evaluation\fyp_dataset.py,7292,85aa412ff05c1763482d8974e04a2823ea790fec8b36ca968d86846d8190ada3
project,src\evaluation\fyp_explorer_template.html,20183,cd4499e26b425804b0ec1e7fcd70761e4baefe9a70591122f042856579ef4685
project,src\evaluation\fyp_graph_template.html,14139,e37ac7b9ce0b1ebd4df27994c88e7b210bf0dc0a191d9ce3f903d4409b074baa
project,src\evaluation\human_eval_sampler.py,1913,19ae5b52d736e908d73fe9911344d5d45c9c632276dd0132a8d77a1c9385a8d8
project,src\evaluation\metrics_calculator.py,5013,e02a238a127211a4cce0257e732e25ee2a370ff914cc7be16e6297c7fdc0ebef
project,src\evaluation\novelty_analysis.py,4938,ddee7e323cf0c0ed3b9a68b08a150b880737a56661c56e857835ab35066c7f9f
project,src\evaluation\revise_fyp_scope.py,22969,6323881d7a1dc87d1baf16b03b402635f609a004ecb5ad8c7f8aee5221f6245c
project,src\evaluation\run_assertion_quality_evaluation.py,15038,e53ff6e5ce82e4143dd6c402a0f102b37bbcc2a43a34cce5d91fc95baaf63c42
project,src\evaluation\run_fyp_evaluation.py,16746,cb79b1dba33f35577bdeb1b2bdf811215253cab9a97d0ac3cc667452d5b409be
project,src\evaluation\summarize_fusion_review.py,3626,f7d431b92ab8fb810c47974d29cf4e693f43c652d18ebd8edf95d627c1c9082e
project,src\evaluation\summarize_gold_review.py,8736,5483a1141b05102da7bbe60435c3468b6bce722e9465634216df27997cfde568
project,src\evaluation\topology_eval.py,3807,0dd5bc0b29470ec07107bd0ddb96bef67d471d5abf8f4bcdd3edc3b0e715986d
project,src\extraction\build_gold_candidates.py,11873,e8a456c00d65f31403eea1636360e6934abb39186111ad2f7c2f2368bb0fca78
project,src\extraction\llm_extractor.py,10087,7daac74299587fc3694c93db7d461a891a19f8db960f68e9113f487dcc48823d
project,src\extraction\local_pipeline.py,7667,910f28af4f774a1cce3987b098e19561c751214c08c2e150ec259a54c45f92c8
project,src\extraction\merge_triples.py,2053,a02cc0dd08294bd95387c50ebcabff92e45ebcff946cef21fae87ed504cbe4cb
project,src\extraction\run_stage2_extraction.py,16228,4de36f4da6944da7f832cd9cd1e9ea9ddd50f74f2a0c39807b5bdd5aab445377
project,src\extraction\verify_rule_candidates.py,10055,ba3253fe58cf8891d0a5900b2c9dfd578c83ffa2370d18a8ca3058dc9c4b0619
project,src\fusion\dictionary_mapper.py,3491,4e55dfe67ce56d4d48a6292e6d3915da2333efdaa62d19036dda511ab6c4139c
project,src\fusion\run_stage3_fusion.py,9392,d8782e6e2faa1348c908225bff7bf8947b6edde1994f508ecabe9ab48195e335
project,src\fusion\semantic_aligner.py,5509,efa42204ea9477815105c4fac4c4b2e6d4eccaf749635fdb1ab3cd2221c11562
project,src\fusion\triples_aggregator.py,6197,2efc9f6bc6aec32894016d61d1ecb3f9a5ed13c09725009bac28de1cb63f09d4
project,tests\smoke\test_opentargets_api.py,521,b979cc1db5bbbf6c5fa0b816b9b3432d0cea9d5465fe2c327012af0b127593aa
project,tests\unit\test_assertion_quality.py,4253,c12557d26ddcb6553b971094c5f3b1783930d3967bb7f0ead7bbf8394f3cc3ee
project,tests\unit\test_biomedical_quality.py,8521,b0b4645fe9de4fc14cc3986b35fd3164eed848acc97eaa405f74bea403978732
project,tests\unit\test_evidence_validation.py,4149,202969e5661760f15da7bbd5c88d5b0e7a39656cccb473e35fdbe60b1ee4ee3e
project,tests\unit\test_fyp_evaluation.py,5580,cff34b1e37ca2e2fde1da209ff64b7dae161aa67fdbeea9dc9f9ee44a607938f
project,tests\unit\test_fyp_graph_explorer.py,2007,eae47322b28995c94b5cc383f75cef99cf83d967977c13dea5746c30a4b8a439
project,tests\unit\test_fyp_review.py,4000,2b7adb67b8a8a9d4844cb3058015b89b678e3183d16cdee4f23c08a88864c75e
project,tests\unit\test_gold_candidates.py,2090,5682e1460e99df6ae29aeafb68ce1bfa6be75e245d9eb252061c95c6013d3f0c
project,tests\unit\test_identity_repairs.py,2982,ccdb1d5603b757663f4bee7f4e045193879bbffca253560311de43b700952d8f
project,tests\unit\test_typed_database.py,2823,b63f051f72a529e0ca3e2abf0b8c0b2d88526683360d4abf491b2965118c06c2
project,AGENTS.md,4187,f193c5d282b02371b4b270da630261967e19393d9040f8de8b9308b6901d784f
project,CONTEXT.md,2396,84684b4fe13b338b7926b216dde58b02c1c47d12fe5a6b654169936f2bb91a1c
project,README.md,9706,cda3ecd3ef945b1106fb6103a22949e02b4d1cb408e2e5f9b7187636d8d11ddd
project,requirements.txt,288,9d1f4f3c3ca6ba8e1aa142b143ca696783da57b5625618e184868a174334fb08
project,.gitignore,117,36a61b10a8fc3e8a0c17f1fb78b4bdd21851d2a8cc140fa73d825fed7b014fbc
project,artifacts\runs\fyp_four_repairs_final_2026-10-02\completion_audit.json,4173,1d5180ed84e0f7d1a05803416df0e235d35813a5c7199a3c5f68e465fc8810c1
project,artifacts\runs\fyp_four_repairs_final_2026-10-02\database_acceptance.json,2610,d7cfc54a7b5c7f4481c1441b71613f0a71d30a6aa3fd6683677b08001d438163
project,artifacts\runs\fyp_four_repairs_final_2026-10-02\evidence_comparison.json,16044,420e43f568296040fe43c89940bb1805a9df191d2f033d76a63121900e1df3da
project,artifacts\runs\fyp_four_repairs_final_2026-10-02\final_verification.json,5901,c690884aa42eeb2af62453a67467dab82e5f2982411a18d5c176ba8c6129e8ce
project,artifacts\runs\fyp_four_repairs_final_2026-10-02\fusion_comparison.json,2195,06a4a510bb161939dd9763fbd6abd33d109a7eb99321b9e07d91af06e851b931
project,artifacts\runs\fyp_four_repairs_final_2026-10-02\graph_explorer_manifest.json,2070,c2de86ddb3192143b7349962e2530abf887679ef9c0aea05d2eba7feb2188db8
project,artifacts\runs\fyp_four_repairs_final_2026-10-02\presentation_manifest.json,1335,94fdafe3b7522a1d803a12df1aea42b72d1d7b33f71ea6d787eed93a386fc30a
project,artifacts\runs\fyp_four_repairs_final_2026-10-02\promotion.json,1169,223c71cc2da4c49cf416f0bfdb3dfc412a74b4ce98246c427d8772d4fe12ad29
project,artifacts\runs\fyp_four_repairs_final_2026-10-02\review_report.json,6272,688cda1ba73eb62c6d2bf557cdc1d089f10c98d38b25eb5432b8f07c94f4dd3f
project,artifacts\runs\fyp_four_repairs_final_2026-10-02\run_config.json,557,b5f82135dfd5f9f75fb3d8ea63e377dfbbefce60537aca05ac9e29164f641868
project,artifacts\runs\fyp_four_repairs_final_2026-10-02\ui_acceptance.json,663,522db49eed18a589acf1b7cb379f8152a4bbe9270ef897f78ccfbbef96661701
project,artifacts\runs\fyp_four_repairs_final_2026-10-02\validation_summary.json,1212,03a087a294c084485a0991ac5ae0396ceeafe974d5bed9c31309bee655deeb55
project,artifacts\runs\fyp_four_repairs_final_2026-10-02\results_and_discussion.md,11796,1cb880cf4f44abe3e2c728af570f0a5f8cd2be9a9746d7331a22b66253c47e31
project,artifacts\runs\fyp_four_repairs_final_2026-10-02\summary_zh.md,1150,9852774899386b9d5a06fbb15789f513312898ff046a67dc45d630e08d45ae5b
project,artifacts\runs\fyp_four_repairs_final_2026-10-02\USAGE_AND_ACCEPTANCE_zh.md,1409,cbda1176c55a2d060d313178ba3929fa4aa30fd6500c3c7faa19451c171c1426
project,outputs\fyp_gold_annotation_2026-10-01\SMA人工标注集_400条_最终全表复核版.xlsx,422025,8316aee46846b70b1863d8884f2c75b12e832965dfed2ddcc0014e70b0eba697
school,C:\Users\jon15\Desktop\大四上\FYP\00_总览_要求与时间线\01_FYP_Roadmap_and_Submission_Guide.docx,46698,f15b3cfefcd04b6dd148184cc752675c863e4fb0752a391858a108b613b54d6a
school,C:\Users\jon15\Desktop\大四上\FYP\00_总览_要求与时间线\FYP_timeline.png,418417,0acbbd36af5f26284a6ea1890654b1c6e015c58ad4168e46a437fc1a4547f3e2
school,C:\Users\jon15\Desktop\大四上\FYP\00_总览_要求与时间线\Project writing and plagiarism printing 2017.pdf,383978,38f19df4a3f1c2f84ac131916709eb041383b1b59c3fcca26626c60641531e81
school,C:\Users\jon15\Desktop\大四上\FYP\00_总览_要求与时间线\README_评分结构.md,1576,f3c66597ccaa95335f9f54f60301c0a5c3cb814e9947baa7014bbd26fd1ef86f
school,C:\Users\jon15\Desktop\大四上\FYP\00_总览_要求与时间线\Student Handbook FYP 2026-27.pdf,675218,0f59034c488660d0f26127b02fa76be9e061bb182e6f8d91ac5c4a81b33985d6
school,C:\Users\jon15\Desktop\大四上\FYP\00_总览_要求与时间线\Student Performance Marking Schema (10%).pdf,125621,0c497b455ddd924125b954b412da99ce92431260d0bcdaf8e5830fea6bdef25e
school,C:\Users\jon15\Desktop\大四上\FYP\01_首轮提交_2026-10-30\01_交付稿\02_Project_Risk_Assessment_Draft.docx,24953,548977676d246f5dba504d9276a4c394d1f779ca5e8c6014781f5a8a1f6aa2eb
school,C:\Users\jon15\Desktop\大四上\FYP\01_首轮提交_2026-10-30\01_交付稿\03_Ethical_Consideration_Declaration_Draft.docx,42103,6ff55df10c9b2e6314d06a360c7600ad68b0abcadea3ac479c027c5b79bc68d3
school,C:\Users\jon15\Desktop\大四上\FYP\01_首轮提交_2026-10-30\01_交付稿\04_First_Logbook_Starter_October_2026.docx,143963,e20a40ed0b9c65dda758d34d9e57cfdb5722d9f2bee40db85f82160c6ac6cc07
school,C:\Users\jon15\Desktop\大四上\FYP\01_首轮提交_2026-10-30\01_交付稿\05_GCU_Specification_and_Preliminary_Report_Draft.docx,160674,262b3e9833ca3bd3e0b69fc5c5107a76938b7666d9b462b5d10a57ba2b343fad
school,C:\Users\jon15\Desktop\大四上\FYP\01_首轮提交_2026-10-30\02_模板与要求\01_Preliminary_Report\GCU Specification and Preliminary Report Template BEng.doc,189440,a3e1a23e4d82d24bfb3b473ac7fde5fe7145c1a010f5a52a80ec7012aeec4aad
school,C:\Users\jon15\Desktop\大四上\FYP\01_首轮提交_2026-10-30\02_模板与要求\01_Preliminary_Report\Grading Sheet - Specifications  Preliminary Report (5%).pdf,156957,f13430d3819664342d5e1eaf279fee480c3f7dc049775d785b2feca523f7a09c
school,C:\Users\jon15\Desktop\大四上\FYP\01_首轮提交_2026-10-30\02_模板与要求\02_Risk_and_Ethics\Ethical Consideration Form10.30.docx,45942,6ace6e69d727db644827a756feaaa5c2f237a87a3c055a72f948802d80eb79fa
school,C:\Users\jon15\Desktop\大四上\FYP\01_首轮提交_2026-10-30\02_模板与要求\02_Risk_and_Ethics\Project Risk Assessment Form (CDHN10.30).docx,50883,780856ec54ed601b2ec0c5eda981d357be0f20f20c2b99057e06d5220fe565ba
school,C:\Users\jon15\Desktop\大四上\FYP\01_首轮提交_2026-10-30\02_模板与要求\03_First_Logbook\A Guide to FYP Logbook.pdf,472113,404404736433b67fdcd19cf732e2b5eb1a268c855bae4fc6945c38be4bee10e9
school,C:\Users\jon15\Desktop\大四上\FYP\01_首轮提交_2026-10-30\02_模板与要求\03_First_Logbook\A meeting note example logbook.pdf,7351,a25d59a4e20ddab6706379453e87a165ba60bd95c20caf2cdfdebd5e7697c533
school,C:\Users\jon15\Desktop\大四上\FYP\01_首轮提交_2026-10-30\02_模板与要求\03_First_Logbook\A research analysisfinding example logbook.pdf,3829579,1b46e98332daa7eca39cb1fa02799e30eced6959251979306c38a890ad032f54
school,C:\Users\jon15\Desktop\大四上\FYP\01_首轮提交_2026-10-30\02_模板与要求\03_First_Logbook\An experiment example logbook.pdf,2580993,4a8b8ac544925cf9a67d162ec08bc0939b26372e1e98f267d979078a1f49ac67
school,C:\Users\jon15\Desktop\大四上\FYP\01_首轮提交_2026-10-30\02_模板与要求\03_First_Logbook\Logbook Cover Sheet.docx,147879,f439286f3d4910dab830e51173ffa8d9d9abd15bd4fbab50ec5e27dd41c5cd20
school,C:\Users\jon15\Desktop\大四上\FYP\01_首轮提交_2026-10-30\README_首轮提交.md,912,1d592a2b01622500587857ecbb513481ad5ed4bff1c4dc223436175a5cc99fc8
school,C:\Users\jon15\Desktop\大四上\FYP\02_中期提交_2027-01-08\02_模板与要求\GCU Interim Report Template BEng.doc,229376,92e37f52f999db837feaa74511dcf3bd37adde3ec36648fbeff21d22b45e4983
school,C:\Users\jon15\Desktop\大四上\FYP\02_中期提交_2027-01-08\02_模板与要求\Grading Sheet - Interim Report (15%).pdf,143749,d5bf4474dc21e9b8180e42d75a5b51e078dfec31b5aecfb0e45cfdd7208b16ac
school,C:\Users\jon15\Desktop\大四上\FYP\02_中期提交_2027-01-08\02_模板与要求\README_中期提交要求.md,894,8315dc78bcd41e20d57c33c338037c10760add17a88894b044ac93768dfdd26f
school,C:\Users\jon15\Desktop\大四上\FYP\03_海报与口试_2027-04-16_to_21\02_模板与要求\Oral Presentation Marking Schema (20%).pdf,157575,48fb1796f55914564c3e2024eaaa5e74dffb629d9841ced6a7abb5e3421da2a6
school,C:\Users\jon15\Desktop\大四上\FYP\03_海报与口试_2027-04-16_to_21\02_模板与要求\README_海报与口试要求.md,994,7c10de48b258869fad3bee1d99d4f42c8d156568c45f8c285a4a2de5bcef1dd3
school,C:\Users\jon15\Desktop\大四上\FYP\04_最终提交_2027-04-28_internal\02_模板与要求\Final Report Marking Schema (50%).pdf,158267,47dc0f2d3ef5b188c169eafc7d46587f00e1a884aa4b510f1214991b1e90d4e1
school,C:\Users\jon15\Desktop\大四上\FYP\04_最终提交_2027-04-28_internal\02_模板与要求\README_最终提交要求.md,1182,9c22e9cfddb6adc33bbea0f6b9a9f0090e9f1795977ced7c7c28d2c44b9bde76
school,C:\Users\jon15\Desktop\大四上\FYP\05_代码与项目附件_2027-04-28_internal\README_代码与项目附件.md,617,61b35fe1f80fb7a9cb113ffa6e022aaea7796446ef293140df45fcc1d62c45f1
school,C:\Users\jon15\Desktop\大四上\FYP\90_条件性材料_元器件与报销\FYP Component Application Form.doc,39424,656cd26995163be148fdcc98fb7833e6b13176b27919521ec267d3cb225f9866
school,C:\Users\jon15\Desktop\大四上\FYP\90_条件性材料_元器件与报销\README_当前不需要填写.md,617,9f1dba6efe96ef1fab992ab9578cb081a11ebb81351345f80ab0b66df0fd04fc
school,C:\Users\jon15\Desktop\大四上\FYP\90_条件性材料_元器件与报销\Reimbursement Request Form (HN).doc,38912,b878aa27e2b9a9ddc7666247223e93beebeaad84caa1a1ff59203247459ec1e2
school,C:\Users\jon15\Desktop\大四上\FYP\Cover Template  Coursework Submission Cover Sheet final_report.docx,153077,5445063fd224ffd5b67804c1c7df3d32030aa37b6c7d6ea6c0d3c9cf2d9f354f
school,C:\Users\jon15\Desktop\大四上\FYP\Exemplar Final Reports and IEEE Paper Template-20261002\Exemplar Report 1.pdf,1125107,5d6377ec799c73997f2024718f78135cb83023e9aa8594e484f6e855a48c5dd8
school,C:\Users\jon15\Desktop\大四上\FYP\Exemplar Final Reports and IEEE Paper Template-20261002\Exemplar Report 2.pdf,1228931,fdfb76c8e5606f9c9d7b533a908b88aef33224e46f23afc74f9a54a43bfc8bcb
school,C:\Users\jon15\Desktop\大四上\FYP\Exemplar Final Reports and IEEE Paper Template-20261002\Exemplar Report 3.pdf,1833492,15a5c64ce4bb24b16933d2b2b59cda0ff085adac9ee0f386871c967284ab5c60
school,C:\Users\jon15\Desktop\大四上\FYP\Exemplar Final Reports and IEEE Paper Template-20261002\IEEE  Article Template and Instruction.docx,489490,83bac17878e5f8a9c8ba2c6d2bb4d615612e54b4c7ebb9925d246c872a7fb975
school,C:\Users\jon15\Desktop\大四上\FYP\Exemplar Final Reports and IEEE Paper Template-20261002.zip,4065882,73da48fa40ae0f4cccfd46b00c26a5351c865f742a833b9fe66cf4f97868ab59
school,C:\Users\jon15\Desktop\大四上\FYP\Final Report Template (40%) - LaTeX-20261002\LaTeX template by Yifan Huang\Final report template_Modified - LaTeX-20200219.rar,253141,c52dfe0b5be94bf5c0240e13b012599d69d48ec0779c95998a1ef6bc77fab19b
school,C:\Users\jon15\Desktop\大四上\FYP\Final Report Template (40%) - LaTeX-20261002\reports.pdf,89347,a3174a3d3d3363489a8fb7e8dc07a34b1a07d8c87a8a8029e08a731e1c6c7f76
school,C:\Users\jon15\Desktop\大四上\FYP\Final Report Template (40%) - LaTeX-20261002\reports.tex,20847,d8e7e4f39311d9c32ecb43d33095713a87e2730e36dd7a8aa2f224c56e36111e
school,C:\Users\jon15\Desktop\大四上\FYP\Final Report Template (40%) - LaTeX-20261002\solarcell.pdf,7034,503d9b1ddbe4dcd3cdce0c503f33ac121f5173690068a35b58a941f88e62bfd2
school,C:\Users\jon15\Desktop\大四上\FYP\Final Report Template (40%) - LaTeX-20261002.zip,354113,eff6a98ed427b9a8d589e937b3fb34b57ea9c04e4b963805ac888e0a334de659
school,C:\Users\jon15\Desktop\大四上\FYP\Final Report Template.docx,221642,765b8090c643c59c6f6b20d6d8ff463118de9861c5722f76ea780872397b852b
school,C:\Users\jon15\Desktop\大四上\FYP\Instructions on Project reports 22Feb16.pdf,134278,3d1be9a92c239e9dc557d29da0d860a90ac94235dab63543feef9b82c04be03a
school,C:\Users\jon15\Desktop\大四上\FYP\README_提交目录说明.md,2757,060d2f3178463e8c621a606890f58a31660ead02372bdf077a18a22c8e42255f
